City_ID,City,Lat,Lng,Max Temp,Humidity,Cloudiness,Wind Speed,Country,Date
0,saint-pierre,-21.3393,55.4781,24.76,68,100,3.09,RE,1697598114
1,port mathurin,-19.6833,63.4167,23.74,80,33,4.28,MU,1697598114
2,kudahuvadhoo,2.6708,72.8944,27.83,74,21,4.96,MV,1697598031
3,anadyr,64.75,177.4833,-5.72,62,20,8.0,RU,1697598115
4,lazaro cardenas,17.9583,-102.2,25.72,88,100,0.38,MX,1697598116
5,egilsstadir,65.2653,-14.3948,2.95,93,75,3.09,IS,1697598116
6,lihue,21.9789,-159.3672,28.58,74,11,1.87,US,1697598117
7,hamilton,39.1834,-84.5333,9.84,87,71,1.79,US,1697598117
8,blackmans bay,-43.0167,147.3167,22.51,41,18,2.76,AU,1697598118
9,pudozh,61.8099,36.5345,4.41,72,84,5.81,RU,1697598118
10,adamstown,-25.066,-130.1015,22.15,88,100,3.04,PN,1697598118
11,port-aux-francais,-49.35,70.2167,2.5,75,99,5.89,TF,1697598119
12,dryden,49.7833,-92.7503,11.16,66,100,3.6,CA,1697598119
13,fale old settlement,-9.3852,-171.2468,28.4,73,18,2.95,TK,1697598119
14,hawaiian paradise park,19.5933,-154.9731,26.73,82,75,3.09,US,1697598119
15,nazarabad,35.9521,50.6075,9.45,77,25,1.27,IR,1697598120
16,margaret river,-33.95,115.0667,17.93,62,26,5.34,AU,1697598120
17,ilulissat,69.2167,-51.1,-8.99,73,100,3.09,GL,1697598121
18,nieuw amsterdam,5.8833,-55.0833,27.79,83,28,2.68,SR,1697598122
19,albany,42.6001,-73.9662,10.91,89,19,1.85,US,1697598001
20,ixtapa,20.7,-105.2,24.64,92,100,1.17,MX,1697598122
21,lebu,-37.6167,-73.65,10.41,90,7,4.84,CL,1697598123
22,lib,8.3122,167.3766,28.48,72,12,3.23,MH,1697598124
23,palmas,-10.2128,-48.3603,25.93,65,0,2.06,BR,1697597915
24,edinburgh of the seven seas,-37.0676,-12.3116,12.63,74,100,7.64,SH,1697598124
25,titao,13.7667,-2.0667,29.27,49,99,3.18,BF,1697598125
26,port elizabeth,-33.918,25.5701,19.06,76,0,0.89,ZA,1697598125
27,enewetak,11.3474,162.3373,28.6,76,42,7.08,MH,1697598125
28,susuman,62.7833,148.1667,-13.9,62,28,0.45,RU,1697598126
29,ingeniero jacobacci,-41.3427,-69.5448,14.11,22,0,3.86,AR,1697598126
30,iron river,46.0927,-88.6423,1.42,76,100,2.01,US,1697598126
31,sheopur,25.6667,76.7,24.92,60,0,1.32,IN,1697598126
32,pakuranga,-36.8833,174.9167,22.4,64,20,6.17,NZ,1697598127
33,macau,22.2006,113.5461,25.85,83,40,8.75,MO,1697598088
34,umm kaddadah,13.6017,26.6876,25.53,18,81,7.02,SD,1697598127
35,puerto natales,-51.7236,-72.4875,4.9,91,76,1.71,CL,1697598128
36,holualoa,19.6228,-155.9522,26.54,78,12,1.34,US,1697598128
37,whitehorse,60.7161,-135.0538,8.34,90,100,2.06,CA,1697598128
38,iqaluit,63.7506,-68.5145,-1.15,58,100,1.03,CA,1697598083
39,port lincoln,-34.7333,135.8667,30.02,15,0,2.17,AU,1697598012
40,olonkinbyen,70.9221,-8.7187,1.2,78,100,2.9,SJ,1697598129
41,namibe,-15.1961,12.1522,17.24,82,39,1.36,AO,1697598129
42,papatowai,-46.5619,169.4708,15.13,59,82,7.99,NZ,1697598130
43,grytviken,-54.2811,-36.5092,2.01,88,86,5.39,GS,1697598130
44,new norfolk,-42.7826,147.0587,23.17,21,8,1.49,AU,1697597899
45,hovd,48.0056,91.6419,6.38,25,4,0.75,MN,1697598131
46,igarka,67.4667,86.5833,0.27,98,100,9.13,RU,1697598131
47,leava,-14.3,-178.1667,26.59,80,61,9.19,WF,1697598131
48,karratha,-20.7377,116.8463,35.83,13,0,2.02,AU,1697598132
49,ciudad lazaro cardenas,17.9583,-102.2,25.72,88,100,0.38,MX,1697598132
50,saint croix,17.7397,-64.7388,26.64,86,36,2.68,VI,1697598132
51,remire-montjoly,4.9167,-52.2667,25.02,94,0,0.0,GF,1697598133
52,aras-asan,8.8908,126.3033,29.31,68,71,2.43,PH,1697598133
53,jamestown,42.097,-79.2353,8.73,100,100,3.09,US,1697598134
54,luderitz,-26.6481,15.1594,19.07,56,0,3.27,NA,1697598134
55,port alfred,-33.5906,26.891,16.69,78,0,3.1,ZA,1697598134
56,tolanaro,-25.0319,46.9987,22.04,94,75,3.09,MG,1697598135
57,jalai nur,49.45,117.7,6.47,50,90,6.75,CN,1697598135
58,mawlaik,23.6333,94.4167,28.84,58,3,0.24,MM,1697598135
59,peniche,39.3558,-9.3811,19.5,94,94,7.49,PT,1697598135
60,haiku-pauwela,20.9219,-156.3051,26.81,64,25,4.11,US,1697598136
61,smithers,54.7804,-127.1743,8.18,87,75,4.12,CA,1697597997
62,yellowknife,62.456,-114.3525,2.45,100,100,4.12,CA,1697597933
63,grantsville,40.5999,-112.4644,15.84,38,0,1.78,US,1697598137
64,waitangi,-43.9535,-176.5597,12.12,74,29,3.58,NZ,1697598137
65,shimoda,34.6667,138.95,23.2,61,0,2.69,JP,1697598138
66,saipan,15.1355,145.701,28.84,79,69,6.05,MP,1697598138
67,popondetta,-8.7537,148.2534,32.38,53,60,3.81,PG,1697598138
68,poronaysk,49.2167,143.1167,11.8,58,7,2.82,RU,1697598138
69,hermanus,-34.4187,19.2345,15.21,92,0,2.86,ZA,1697598139
70,stanley,54.868,-1.6985,10.01,88,40,4.12,GB,1697598139
71,bilibino,68.0546,166.4372,-15.02,97,99,1.62,RU,1697598139
72,coahuayana de hidalgo,18.7,-103.6583,25.49,94,100,1.56,MX,1697598140
73,bredasdorp,-34.5322,20.0403,13.69,96,0,1.34,ZA,1697598010
74,marsh harbour,26.5412,-77.0636,24.28,58,68,4.16,BS,1697598140
75,colonia,50.9333,6.95,7.2,78,0,1.54,DE,1697598013
76,hasaki,35.7333,140.8333,22.22,57,88,4.08,JP,1697598141
77,al lagowa,11.4,29.1333,24.56,67,36,2.01,SD,1697598141
78,tiksi,71.6872,128.8694,-14.52,100,100,1.56,RU,1697598141
79,brookings,44.3114,-96.7984,15.0,58,0,7.72,US,1697597979
80,invercargill,-46.4,168.35,13.34,78,100,9.83,NZ,1697598142
81,witu,-2.3889,40.4382,26.09,90,100,2.82,KE,1697598142
82,st. john's,47.5649,-52.7093,4.53,92,75,2.57,CA,1697598122
83,vorgashor,67.5833,63.95,2.04,96,100,4.41,RU,1697598143
84,constantia,44.1833,28.65,10.39,66,100,3.19,RO,1697598143
85,badger,64.8,-147.5333,1.14,85,100,1.54,US,1697598143
86,santa maria da vitoria,-13.3947,-44.1886,23.18,44,0,1.1,BR,1697598144
87,xiongzhou,25.1167,114.3,27.59,58,100,0.89,CN,1697598144
88,nago,26.5881,127.9761,28.03,52,1,3.04,JP,1697598144
89,katsuura,35.1333,140.3,21.2,72,81,2.59,JP,1697598145
90,wailua homesteads,22.0669,-159.378,28.24,74,13,2.35,US,1697598145
91,arkhangel'sk,64.5401,40.5433,3.96,78,100,5.18,RU,1697598145
92,vila franca do campo,37.7167,-25.4333,21.23,99,100,7.01,PT,1697598145
93,montevideo,-34.8335,-56.1674,11.01,66,20,5.66,UY,1697598101
94,thai binh,20.45,106.3333,29.17,56,88,3.69,VN,1697598146
95,paracuru,-3.41,-39.0306,26.73,78,98,6.32,BR,1697598146
96,sinabang,2.4803,96.3801,27.57,78,73,3.42,ID,1697598147
97,zonguldak,41.25,31.8333,10.07,90,100,1.05,TR,1697598147
98,vilyuchinsk,52.9306,158.4028,7.18,96,100,1.92,RU,1697598147
99,pisco,-13.7,-76.2167,19.03,88,0,6.69,PE,1697598148
100,bethel,41.3712,-73.414,11.2,82,46,1.53,US,1697598138
101,puerto santa,-8.9906,-78.6456,18.83,90,65,4.83,PE,1697598148
102,tamandare,-8.7597,-35.1047,23.35,84,99,3.27,BR,1697598149
103,vernon,50.2581,-119.2691,12.74,63,100,0.89,CA,1697598010
104,college,64.8569,-147.8028,1.71,86,100,1.54,US,1697598002
105,nar'yan-mar,67.6713,53.087,1.17,89,100,4.02,RU,1697598149
106,berezovo,63.9381,65.0419,6.65,85,94,5.36,RU,1697598150
107,ocean city,39.2776,-74.5746,13.32,87,94,0.45,US,1697598038
108,mantua,45.1667,10.7833,11.86,77,100,1.34,IT,1697598150
109,jharsuguda,21.85,84.0333,25.95,68,6,1.55,IN,1697598151
110,vadso,70.0744,29.7487,1.49,80,40,5.66,NO,1697598151
111,rancho palos verdes,33.7445,-118.387,23.01,86,20,4.12,US,1697598044
112,dwarka,22.2394,68.9678,27.04,73,0,3.53,IN,1697598151
113,nuuk,64.1835,-51.7216,-4.66,58,0,8.23,GL,1697598152
114,kodiak,57.79,-152.4072,7.73,87,100,5.14,US,1697598152
115,praia da vitoria,38.7333,-27.0667,22.14,88,40,8.56,PT,1697598153
116,isafjordur,66.0755,-23.124,6.77,93,100,7.12,IS,1697598153
117,rio grande,-32.035,-52.0986,12.19,88,1,2.38,BR,1697598061
118,chibougamau,49.9168,-74.3659,0.79,93,0,0.0,CA,1697598141
119,iskateley,67.6803,53.1512,1.12,89,100,4.02,RU,1697598154
120,peterhead,57.5058,-1.7981,10.22,70,100,7.7,GB,1697598154
121,chu,43.5983,73.7614,13.11,47,10,2.78,KZ,1697598155
122,ushuaia,-54.8,-68.3,11.81,47,40,8.23,AR,1697598155
123,ribeira grande,38.5167,-28.7,22.1,93,100,8.94,PT,1697598155
124,constitucion,-35.3333,-72.4167,11.59,79,0,3.15,CL,1697598013
125,thames,-37.1333,175.5333,19.37,69,91,2.01,NZ,1697597997
126,puerto aysen,-45.4,-72.7,6.77,99,99,0.68,CL,1697598156
127,thinadhoo,0.5333,72.9333,27.08,80,88,4.92,MV,1697598157
128,usinsk,65.9939,57.5281,2.26,99,100,7.15,RU,1697598157
129,yaren,-0.5472,166.916,28.48,72,100,8.75,NR,1697598157
130,hithadhoo,-0.6,73.0833,27.24,77,13,5.66,MV,1697598157
131,tralee,52.2704,-9.7026,12.72,93,100,7.63,IE,1697597863
132,port augusta,-32.5,137.7667,28.08,14,0,1.24,AU,1697598156
133,shijiang,27.0819,110.7933,26.8,39,0,0.88,CN,1697598158
134,aasiaat,68.7098,-52.8699,-16.04,87,73,1.89,GL,1697598158
135,basco,20.4487,121.9702,27.22,72,100,7.79,PH,1697598159
136,severodvinsk,64.5635,39.8302,3.96,86,100,9.2,RU,1697598159
137,palu,-0.8917,119.8707,31.31,69,25,0.77,ID,1697598159
138,touros,-5.1989,-35.4608,25.05,76,39,6.69,BR,1697598160
139,port douglas,-16.4833,145.4667,25.65,71,76,6.34,AU,1697598160
140,tanout,14.9709,8.8879,27.93,22,29,4.32,NE,1697598160
141,longyearbyen,78.2186,15.6401,-6.09,68,40,5.66,SJ,1697598161
142,west island,-12.1568,96.8225,26.99,78,75,7.72,CC,1697598161
143,san rafael del yuma,18.4299,-68.6739,27.76,87,1,2.21,DO,1697598161
144,pangody,65.85,74.4859,4.47,93,99,5.67,RU,1697598162
145,ozersk,55.7556,60.7028,7.96,59,100,4.8,RU,1697598162
146,gaigeturi,33.4644,126.3183,20.03,68,0,2.57,KR,1697598162
147,kingston,17.997,-76.7936,29.53,88,20,3.09,JM,1697597977
148,tyukalinsk,55.8732,72.1967,8.89,76,74,4.34,RU,1697598163
149,georgetown,5.4112,100.3354,31.08,79,20,2.24,MY,1697597863
150,minas de marcona,-15.2119,-75.1103,16.0,81,95,3.76,PE,1697598163
151,doka,13.5167,35.7667,22.56,71,97,1.58,SD,1697598163
152,avarua,-21.2078,-159.775,24.03,64,20,6.69,CK,1697598075
153,thunder bay,48.4001,-89.3168,3.99,100,0,0.51,CA,1697598164
154,san antonio de pale,-1.4014,5.6325,25.17,82,93,2.89,GQ,1697598136
155,kittila,67.6647,24.8936,-6.92,93,0,3.6,FI,1697598164
156,labasa,-16.4167,179.3833,27.65,64,72,5.3,FJ,1697598165
157,olinda,-8.0089,-34.8553,24.85,73,40,4.63,BR,1697598038
158,huarmey,-10.0681,-78.1522,20.06,86,95,4.32,PE,1697598166
159,taoudenni,22.6783,-3.9836,29.49,15,0,3.26,ML,1697598166
160,akureyri,65.6835,-18.0878,5.0,87,97,5.12,IS,1697598166
161,utrik,11.2278,169.8474,28.03,80,87,7.91,MH,1697598166
162,nemuro,43.3236,145.575,14.11,59,27,4.93,JP,1697598045
163,revda,56.801,59.9303,5.25,56,98,5.44,RU,1697598167
164,worthington,40.0931,-83.018,11.86,81,100,3.09,US,1697598167
165,chivhu,-19.0211,30.8922,14.66,87,81,3.28,ZW,1697598167
166,carnarvon,-24.8667,113.6333,29.3,36,0,7.66,AU,1697598098
167,fort bragg,35.139,-79.006,15.51,82,100,2.0,US,1697598168
168,virginia,37.5481,-77.4467,11.83,91,100,0.0,US,1697598011
169,kapuskasing,49.4169,-82.4331,4.05,100,0,1.54,CA,1697598124
170,el tigre,8.8875,-64.2454,25.88,74,27,3.91,VE,1697598169
171,san andres,12.5847,-81.7006,29.01,84,20,5.14,CO,1697598169
172,bereeda,11.8704,51.0579,26.91,79,35,3.81,SO,1697598169
173,nova sintra,14.8667,-24.7167,25.17,71,1,2.43,CV,1697598170
174,callao,-12.0667,-77.15,20.95,82,75,6.17,PE,1697598170
175,thompson,55.7435,-97.8558,5.09,87,20,1.54,CA,1697598170
176,ola,59.5833,151.2833,-1.99,34,0,5.02,RU,1697598171
177,senak'i,42.2704,42.0675,8.05,65,100,2.03,GE,1697598171
178,rongelap,11.1635,166.8941,28.42,75,19,6.03,MH,1697598171
179,hassi messaoud,31.6804,6.0729,24.38,24,2,4.27,DZ,1697598171
180,sal rei,16.1833,-22.9167,28.02,64,0,3.71,CV,1697598172
181,geraldton,-28.7667,114.6,23.23,56,1,5.14,AU,1697598077
182,atafu village,-8.5421,-172.5159,28.57,72,100,2.38,TK,1697598172
183,queenstown,-31.8976,26.8753,11.58,70,0,1.57,ZA,1697598172
184,nantucket,41.2835,-70.0995,13.03,84,10,2.11,US,1697598173
185,dunedin,-45.8742,170.5036,13.78,66,49,2.24,NZ,1697598050
186,udachny,66.4167,112.4,-9.4,86,94,6.94,RU,1697598173
187,filey,54.21,-0.2892,12.66,83,100,4.02,GB,1697598174
188,tirodi,21.6833,79.7,25.38,66,3,1.39,IN,1697598174
189,dudinka,69.4058,86.1778,-0.18,98,100,2.68,RU,1697598174
190,kiunga,-6.1219,141.2906,23.89,94,100,0.77,PG,1697598174
191,fuerte olimpo,-21.0415,-57.8738,31.09,33,52,2.38,PY,1697598175
192,behbahan,30.5959,50.2417,22.21,25,0,1.56,IR,1697598175
193,belmonte,-15.8631,-38.8828,22.65,80,60,1.93,BR,1697598175
194,busayra,30.7376,35.6078,14.01,69,1,0.54,JO,1697598175
195,escarcega,18.6089,-90.7454,20.97,80,35,0.75,MX,1697598176
196,sao gabriel da cachoeira,-0.1303,-67.0892,23.56,91,56,0.99,BR,1697598176
197,puerto deseado,-47.7503,-65.8938,11.2,52,100,10.16,AR,1697598095
198,suomussalmi,64.8869,28.9078,-2.55,88,22,3.48,FI,1697598177
199,petropavlovsk-kamchatsky,53.0452,158.6483,6.36,88,100,5.0,RU,1697598177
200,acapulco de juarez,16.8634,-99.8901,26.8,86,100,2.73,MX,1697597980
201,mount pearl,47.5166,-52.7813,4.07,92,75,2.57,CA,1697598177
202,antsiranana,-12.2787,49.2917,23.9,76,2,4.7,MG,1697597943
203,powell river,49.8496,-124.5361,12.88,93,100,4.63,CA,1697598178
204,fort mcmurray,56.7268,-111.381,4.77,93,75,3.09,CA,1697598006
205,bamboo flat,11.7,92.7167,28.05,83,40,1.03,IN,1697598178
206,tauranga,-37.6861,176.1667,19.97,81,60,1.34,NZ,1697598178
207,dul'durga,50.6761,113.5931,4.51,60,89,7.18,RU,1697598179
208,ancud,-41.8697,-73.8203,10.57,81,15,1.42,CL,1697598014
209,palmer,42.1584,-72.3287,11.75,83,75,0.0,US,1697597880
210,nema,57.5067,50.5011,2.62,87,100,7.53,RU,1697598180
211,buka,40.8108,69.1986,15.95,29,100,1.03,UZ,1697598180
212,caransebes,45.4167,22.2167,9.76,62,84,1.9,RO,1697598180
213,warrnambool,-38.3833,142.4833,19.44,49,6,1.19,AU,1697598180
214,howard springs,-12.497,131.047,34.95,21,6,2.37,AU,1697598181
215,ust-nera,64.5667,143.2,-15.44,85,98,1.34,RU,1697598181
216,muisne,0.6,-80.0333,25.41,84,89,1.86,EC,1697598182
217,purificacion,3.8587,-74.9313,24.35,81,86,1.33,CO,1697598182
218,asubulaq,49.5583,83.0558,7.98,42,0,1.7,KZ,1697598183
219,lijiang,26.8688,100.2207,16.46,51,2,1.63,CN,1697598183
220,talnakh,69.4865,88.3972,-0.44,96,100,7.45,RU,1697598183
221,illizi,26.4833,8.4667,28.89,19,86,2.96,DZ,1697598076
222,cobija,-11.0267,-68.7692,25.66,65,6,0.91,BO,1697598184
223,punta arenas,-53.15,-70.9167,8.95,71,75,7.72,CL,1697597902
224,an nuhud,12.7,28.4333,25.19,20,87,5.88,SD,1697598185
225,lysianka,49.2523,30.8295,3.11,72,26,2.88,UA,1697598185
226,sao joao da barra,-21.6403,-41.0511,24.12,91,100,1.86,BR,1697598040
227,hadibu,12.65,54.0333,27.1,75,27,2.04,YE,1697598186
228,acajutla,13.5928,-89.8275,26.79,65,97,3.2,SV,1697598186
229,raja,8.4596,25.678,21.31,87,100,1.1,SS,1697598186
230,bembereke,10.2283,2.6634,22.37,85,91,1.78,BJ,1697598187
231,okhotsk,59.3833,143.3,-4.37,62,35,1.82,RU,1697598187
232,quellon,-43.1167,-73.6167,8.44,95,98,2.94,CL,1697598140
233,bomaderry,-34.85,150.6167,21.79,62,43,1.79,AU,1697598187
234,ginir,7.1333,40.7,13.49,84,84,2.3,ET,1697598188
235,yamada,39.4667,141.95,19.58,51,1,2.41,JP,1697598062
236,pangkalanbuun,-2.6833,111.6167,33.93,49,42,2.16,ID,1697598188
237,ocean shores,46.9737,-124.1563,14.41,96,100,4.12,US,1697598189
238,puerto baquerizo moreno,-0.9,-89.6,23.46,84,71,4.79,EC,1697598189
239,puerto ayora,-0.7393,-90.3518,24.19,94,20,3.55,EC,1697598189
240,torghay,49.6339,63.4981,9.27,49,69,3.01,KZ,1697598190
241,selfoss,63.9331,-20.9971,9.47,82,100,11.4,IS,1697598190
242,margate,51.3813,1.3862,12.17,77,100,2.68,GB,1697598078
243,languyan,5.2618,120.0807,29.21,74,92,1.96,PH,1697598190
244,acarau,-2.8856,-40.12,25.84,79,99,6.28,BR,1697598191
245,buy,58.4786,41.53,0.05,87,100,5.35,RU,1697598191
246,kolonia town,6.964,158.206,28.45,71,77,1.8,FM,1697598191
247,san juan pueblo,15.5833,-87.2333,23.42,90,100,0.78,HN,1697598191
248,mugia,43.1041,-9.2179,17.87,88,100,9.58,ES,1697598192
249,dawei,14.0833,98.2,28.7,77,56,0.82,MM,1697598192
250,the pinery,39.4553,-104.7344,20.18,27,75,2.57,US,1697598192
251,qaqortoq,60.7167,-46.0333,-1.18,56,7,1.88,GL,1697598193
252,oranjemund,-28.55,16.4333,16.43,82,0,2.49,NA,1697598193
253,waveland,30.2869,-89.3762,16.1,63,0,0.6,US,1697598193
254,pemba,-12.974,40.5178,25.39,88,20,3.6,MZ,1697598194
255,isla aguada,18.7833,-91.4667,22.02,65,39,3.33,MX,1697598194
256,shagonar,51.5333,92.8,8.01,58,40,1.13,RU,1697598194
257,priozersk,61.0393,30.1291,5.62,83,100,3.65,RU,1697598194
258,galliano,29.4422,-90.2992,15.56,77,0,0.0,US,1697598195
259,vanimo,-2.6741,141.3028,29.95,64,87,2.87,PG,1697598195
260,kutum,14.2,24.6667,20.26,25,84,3.92,SD,1697598195
261,kawambwa,-9.7915,29.0791,16.56,93,99,1.44,ZM,1697598195
262,kentville,45.0835,-64.4988,7.45,98,82,1.03,CA,1697597936
263,papao,-17.75,-149.55,27.82,83,96,7.41,PF,1697598196
264,melekeok village,7.4957,134.6367,28.31,83,75,2.06,PW,1697598196
265,san nicolas,18.1725,120.5953,30.95,66,20,2.06,PH,1697598197
266,pitimbu,-7.4706,-34.8086,23.33,78,78,4.93,BR,1697598197
267,keflavik,64.0049,-22.5624,10.24,87,100,16.46,IS,1697598197
268,weno,7.4515,151.8468,28.78,74,56,2.43,FM,1697598198
269,adre,13.4667,22.2,23.57,24,74,6.05,TD,1697598198
270,warmbaths,-24.8833,28.2833,13.49,74,0,1.92,ZA,1697598198
271,dubbo,-32.25,148.6167,24.07,31,0,3.6,AU,1697598199
272,chonchi,-42.6128,-73.8092,8.4,94,74,1.28,CL,1697598199
273,layyah,30.9613,70.939,21.71,54,0,1.7,PK,1697598199
274,rogozno,52.7523,16.9905,2.77,85,5,2.61,PL,1697598200
275,alpena,45.0617,-83.4327,9.14,96,100,0.0,US,1697598200
276,changji,44.0167,87.3167,8.44,49,0,1.0,CN,1697598200
277,sarakhs,36.5449,61.1577,16.78,46,3,0.87,IR,1697598200
278,tazovsky,67.4667,78.7,5.17,96,100,5.36,RU,1697598200
279,brisas de zicatela,15.8369,-97.0419,26.24,78,87,2.1,MX,1697598201
280,galle,6.0367,80.217,24.57,92,100,4.12,LK,1697598201
281,ulverstone,-41.15,146.1667,17.07,73,4,4.25,AU,1697598201
282,howrah,22.5892,88.3103,28.0,78,20,1.54,IN,1697598176
283,batang,-6.4846,110.7083,33.04,42,56,4.39,ID,1697598202
284,nabire,-3.3667,135.4833,30.18,65,85,2.06,ID,1697598202
285,extrema,-22.8547,-46.3183,18.58,96,100,1.62,BR,1697598202
286,nadi,-17.8,177.4167,28.0,69,20,6.17,FJ,1697598203
287,lorengau,-2.0226,147.2712,29.97,66,74,2.49,PG,1697598083
288,yuzhno-kurilsk,44.0306,145.8556,10.76,75,17,6.82,RU,1697598203
289,buctzotz,21.2,-88.7833,21.15,65,100,1.95,MX,1697598203
290,mammoth lakes,37.6485,-118.9721,10.19,31,0,1.54,US,1697598204
291,birao,10.2849,22.7882,21.63,45,100,1.57,CF,1697598204
292,tamanrasset,22.785,5.5228,20.95,18,0,2.57,DZ,1697598146
293,mount isa,-20.7333,139.5,34.87,10,0,3.6,AU,1697598064
294,east london,-33.0153,27.9116,15.48,83,0,4.54,ZA,1697598205
295,vrangel',42.7297,133.0839,14.36,83,100,3.13,RU,1697598205
296,akdepe,42.0551,59.3788,8.05,33,92,3.63,TM,1697598206
297,ulsteinvik,62.3432,5.8487,7.64,90,99,3.13,NO,1697598206
298,taksimo,56.3444,114.8794,2.06,57,91,1.34,RU,1697598206
299,nizhniye sergi,56.6614,59.3033,4.44,63,85,5.07,RU,1697598206
300,meadow lake,34.8014,-106.5436,21.71,26,0,1.21,US,1697598207
301,tsrar sharif,33.8667,74.7667,7.83,76,61,0.83,IN,1697598207
302,kalach,50.4258,41.0261,2.0,73,0,4.58,RU,1697598207
303,antofagasta,-23.65,-70.4,17.6,86,73,0.5,CL,1697598025
304,kurmuk,10.55,34.2833,21.03,88,39,1.05,SD,1697598208
305,kerman,30.2832,57.0788,14.92,36,0,3.09,IR,1697598208
306,penzance,50.1186,-5.5371,15.38,92,100,14.45,GB,1697598089
307,argo,37.6333,22.7333,18.5,84,36,1.51,GR,1697598209
308,mana,5.6592,-53.7767,26.06,86,23,2.75,GF,1697598209
309,pacific grove,36.6177,-121.9166,20.01,88,40,2.06,US,1697598209
310,nizhnesortymskiy,62.4397,71.7603,6.14,93,2,7.28,RU,1697598209
311,garoowe,8.4054,48.4845,25.55,72,70,3.8,SO,1697598210
312,mbandaka,0.0487,18.2603,21.89,98,100,1.09,CD,1697598210
313,itoman,26.1247,127.6694,28.0,53,40,2.06,JP,1697598210
314,turuntayevo,52.2,107.6167,4.05,78,97,5.79,RU,1697598211
315,ulan bator,47.9077,106.8832,6.07,33,40,6.0,MN,1697598005
316,tommot,58.9564,126.2925,-0.38,81,100,4.42,RU,1697598211
317,saranac lake,44.3295,-74.1313,7.86,93,100,0.0,US,1697598212
318,sur,22.5667,59.5289,28.49,54,0,4.01,OM,1697598212
319,mahabaleshwar,17.9167,73.6667,19.46,69,6,1.98,IN,1697598212
320,arkhipo-osipovka,44.37,38.52,9.24,74,99,4.76,RU,1697598212
321,montmagny,48.9734,2.3469,11.8,78,0,5.14,FR,1697598213
322,uturoa,-16.7333,-151.4333,25.87,83,75,5.95,PF,1697598213
323,maceio,-9.6658,-35.7353,22.69,94,75,1.03,BR,1697597961
324,mukalla,14.5425,49.1242,25.33,69,22,1.9,YE,1697598213
325,cuyo,10.8525,121.0086,28.83,74,65,3.52,PH,1697598214
326,tan-tan,28.438,-11.1032,21.24,77,8,3.41,MA,1697598214
327,arraial do cabo,-22.9661,-42.0278,23.92,88,0,3.09,BR,1697598134
328,christchurch,-43.5333,172.6333,20.85,60,100,4.12,NZ,1697598003
329,puente alto,-33.6167,-70.5833,16.81,46,62,0.84,CL,1697598129
330,shetpe,44.1667,52.1167,7.48,72,97,1.52,KZ,1697598215
331,chincholi,17.4667,77.4333,26.44,59,8,3.45,IN,1697598215
332,portland,45.5234,-122.6762,15.96,89,40,2.06,US,1697597920
333,apolinario saravia,-24.4328,-63.9954,18.32,78,100,4.87,AR,1697598216
334,la passe,45.5549,-0.8967,20.13,77,84,9.95,FR,1697598216
335,afaahiti,-17.75,-149.2833,26.7,85,91,7.3,PF,1697598216
336,humen,22.819,113.6731,25.95,79,100,4.05,CN,1697598217
337,loma de cabrera,19.4333,-71.6,23.9,89,84,0.88,DO,1697598217
338,mata-utu,-13.2816,-176.1745,27.17,79,100,8.74,WF,1697598218
339,magadan,59.5667,150.8,-2.32,75,0,4.92,RU,1697598218
340,kontagora,10.3999,5.4695,24.0,82,45,0.78,NG,1697598218
341,camarinas,43.1311,-9.1817,17.88,89,100,9.43,ES,1697598219
342,lionel town,17.8101,-77.2406,29.94,85,12,1.71,JM,1697598219
343,port saint john's,-31.6229,29.5448,15.88,84,3,4.03,ZA,1697598219
344,betio village,1.358,172.9211,31.02,76,100,7.22,KI,1697598219
345,kerikeri,-35.2268,173.9474,17.75,80,100,3.87,NZ,1697598220
346,knoxville,35.9606,-83.9207,11.11,85,75,0.45,US,1697597971
347,bukene,-4.2333,32.8833,21.71,69,100,1.23,TZ,1697598220
348,sumbawa besar,-8.5,117.4333,35.87,29,24,4.3,ID,1697598220
349,kill devil hills,36.0307,-75.676,15.01,75,0,2.06,US,1697598221
350,quepos,9.4236,-84.1652,26.44,84,100,1.1,CR,1697598221
351,kununurra,-15.7667,128.7333,35.99,13,0,3.6,AU,1697597955
352,bardai,11.65,7.2333,23.3,69,96,1.85,NG,1697598221
353,at taj,24.2049,23.2857,18.31,42,5,3.38,LY,1697598221
354,bonthe,7.5264,-12.505,24.0,93,99,1.94,SL,1697598197
355,zaozersk,69.4005,32.4476,0.31,79,100,3.5,RU,1697598222
356,yanchep,-31.55,115.6833,23.34,57,96,4.13,AU,1697598223
357,sandwip,22.4678,91.4561,28.02,69,4,2.27,BD,1697598223
358,inderbor,48.55,51.7833,5.65,66,99,3.99,KZ,1697598224
359,wellington,-41.2866,174.7756,17.81,77,87,8.23,NZ,1697598014
360,borogontsy,62.6683,131.1683,-5.4,62,100,0.45,RU,1697598224
361,warren,39.4334,-84.1666,8.72,89,0,1.54,US,1697598224
362,bam,29.106,58.357,24.33,30,4,3.39,IR,1697598073
363,cedro,-6.6067,-39.0622,25.37,38,100,1.45,BR,1697598225
364,dauphin,51.1494,-100.0502,11.08,93,100,3.6,CA,1697598151
365,kupang,-10.1667,123.5833,36.32,23,20,7.2,ID,1697598225
366,barcelos,41.5388,-8.6151,19.08,92,100,4.29,PT,1697598034
367,bar-le-duc,48.75,5.1667,8.21,58,97,5.12,FR,1697598226
368,savelugu,9.6244,-0.8253,25.52,76,100,2.27,GH,1697598226
369,ferkessedougou,9.6,-5.2,23.34,88,99,1.16,CI,1697598226
370,sitka,57.0531,-135.33,13.94,58,100,7.72,US,1697598226
371,tazacorte,28.629,-17.9293,22.54,78,0,3.13,ES,1697598227
372,labrador city,52.9463,-66.9114,1.95,80,100,3.09,CA,1697598227
373,boyolangu,-8.1181,111.8935,30.7,55,83,5.08,ID,1697598227
374,san jeronimo de juarez,17.1333,-100.4667,26.3,89,100,1.5,MX,1697598227
375,strelka,58.0728,93.0344,3.93,95,100,1.02,RU,1697598228
376,buckhannon,38.994,-80.232,9.36,96,100,0.0,US,1697598228
377,kaba,47.35,21.2833,2.12,63,5,2.0,HU,1697598228
378,la'ie,21.6477,-157.9253,28.98,71,46,1.34,US,1697598228
379,lisala,2.15,21.5167,21.46,93,100,0.71,CD,1697598144
380,penon blanco,24.7897,-104.0369,15.6,41,73,1.54,MX,1697598229
381,cimislia,46.52,28.7842,1.08,72,84,1.45,MD,1697598229
382,salmon arm,50.6998,-119.3024,12.62,76,100,0.0,CA,1697598001
383,caarapo,-22.6342,-54.8222,26.99,44,62,2.19,BR,1697598230
384,vidyayevo,69.3191,32.8049,1.6,74,100,4.69,RU,1697598230
385,kirakira,-10.4544,161.9205,29.53,65,100,3.14,SB,1697598230
386,alaghsas,17.0187,8.0168,28.68,17,100,4.63,NE,1697598231
387,lagoa,39.05,-27.9833,21.16,91,100,12.91,PT,1697598231
388,kouroussa,10.65,-9.8833,21.71,94,95,0.61,GN,1697598231
389,hammerfest,70.6634,23.6821,0.25,86,40,2.06,NO,1697598231
390,lenoir city,35.7973,-84.256,11.33,92,12,2.04,US,1697598231
391,greenville,35.6127,-77.3663,14.51,90,100,0.0,US,1697597957
392,salekhard,66.53,66.6019,1.46,100,100,2.04,RU,1697598232
393,zunyi,27.6867,106.9072,21.76,67,28,3.79,CN,1697598029
394,saldanha,-33.0117,17.9442,12.03,95,5,5.96,ZA,1697598233
395,along,28.1667,94.7667,23.85,62,14,0.08,IN,1697598233
396,ta`u,-14.2336,-169.5144,25.97,83,91,9.1,AS,1697598233
397,alo,7.4178,6.7371,22.87,94,99,0.89,NG,1697598233
398,manta,-0.95,-80.7333,24.88,83,20,5.14,EC,1697598234
399,turbat,26.0023,63.044,25.34,81,36,2.35,PK,1697598234
400,sakakah,29.9697,40.2064,19.76,37,0,3.3,SA,1697598234
401,glace bay,46.1969,-59.957,8.31,84,100,4.47,CA,1697598235
402,campo gallo,-26.5833,-62.85,18.05,75,100,4.67,AR,1697598235
403,machico,32.7,-16.7667,22.62,80,20,1.03,PT,1697598235
404,la ronge,55.1001,-105.2842,6.14,75,40,1.03,CA,1697598235
405,mossel bay,-34.1831,22.146,15.96,85,0,3.34,ZA,1697597940
406,mhamid,29.82,-5.72,23.48,34,4,1.61,MA,1697597963
407,sarmiento,-45.5882,-69.07,15.4,40,86,2.7,AR,1697598236
408,bafq,31.6128,55.4107,19.56,31,0,0.42,IR,1697598236
409,valdosta,30.8327,-83.2785,11.66,91,0,0.0,US,1697598122
410,xilin hot,43.9667,116.0333,9.36,24,54,9.09,CN,1697598237
411,trujillo,-8.116,-79.03,18.98,88,40,4.63,PE,1697598187
412,aral,40.5156,81.2636,13.6,28,84,3.18,CN,1697598237
413,tchintabaraden,15.8969,5.7985,29.53,20,98,4.25,NE,1697598237
414,lycksele,64.5954,18.6735,-0.87,100,100,1.03,SE,1697598238
415,zhuji,29.7188,120.2423,24.89,46,0,2.55,CN,1697598238
416,chui,-33.6971,-53.4616,8.62,85,3,3.53,UY,1697598238
417,zhangatas,43.5667,69.75,13.14,34,20,5.51,KZ,1697598239
418,phibun mangsahan,15.2447,105.2291,27.99,73,100,4.84,TH,1697598239
419,dhidhdhoo,6.8833,73.1,28.15,73,77,1.65,MV,1697598239
420,rapid city,44.0805,-103.231,13.59,54,20,14.92,US,1697597956
421,lashkar gah,31.5938,64.3716,19.55,22,59,3.96,AF,1697598240
422,sandnessjoen,66.0217,12.6316,-1.71,60,23,9.3,NO,1697598240
423,sidi akkacha,36.4647,1.3026,24.16,35,79,2.71,DZ,1697598240
424,forres,57.6113,-3.6108,11.23,89,100,5.14,GB,1697598201
425,zakynthos,37.7914,20.8953,18.13,74,60,4.62,GR,1697598241
426,celestun,20.8667,-90.4,23.81,60,59,4.61,MX,1697598241
427,carhuaz,-9.2819,-77.6447,14.81,83,100,0.46,PE,1697598241
428,tanjung pandan,-2.75,107.65,31.22,58,98,2.62,ID,1697598242
429,ampanihy,-24.7,44.75,21.34,87,100,3.75,MG,1697598242
430,bell ville,-32.6259,-62.6887,14.81,25,100,3.8,AR,1697598243
431,los zacatones,22.95,-102.05,15.48,51,50,7.21,MX,1697598243
432,greymouth,-42.4667,171.2,13.87,66,93,2.46,NZ,1697598243
433,minna,9.6139,6.5569,22.64,84,73,0.98,NG,1697598244
434,labuan,5.2767,115.2417,32.2,70,20,1.03,MY,1697598244
435,hoquiam,46.9809,-123.8893,14.4,96,100,4.12,US,1697598244
436,fort st. john,56.2499,-120.8529,8.94,61,75,4.12,CA,1697598018
437,bridgewater,44.3835,-64.5155,8.82,92,100,3.6,CA,1697598244
438,uklana,29.5167,75.8667,21.89,52,0,1.82,IN,1697598245
439,zinjibar,13.1287,45.3807,27.29,70,1,5.33,YE,1697598245
440,manokwari,-0.8667,134.0833,28.97,69,18,3.29,ID,1697598245
441,swakopmund,-22.6833,14.5333,14.99,82,1,1.79,NA,1697598245
442,tromso,69.6496,18.957,-1.99,86,56,1.03,NO,1697598246
443,hobyo,5.3505,48.5268,27.62,79,24,4.57,SO,1697598246
444,vetluga,57.8557,45.781,1.8,94,100,5.64,RU,1697598246
445,crane,31.3974,-102.3501,19.6,34,0,8.46,US,1697598246
446,neryungri,56.6709,124.6491,-2.09,89,100,5.15,RU,1697598247
447,palikir - national government center,6.9248,158.1611,31.47,70,100,3.09,FM,1697598247
448,nizhniy odes,63.6445,54.856,3.25,70,85,6.7,RU,1697598247
449,mineral del monte,20.1333,-98.6667,5.54,90,77,1.8,MX,1697598247
450,suez,29.9737,32.5263,19.93,84,5,3.08,EG,1697598248
451,mount gambier,-37.8333,140.7667,23.45,32,6,1.7,AU,1697597949
452,marquette,46.5333,-87.6335,4.32,86,99,1.79,US,1697598248
453,hirara,24.8,125.2833,28.15,54,40,6.17,JP,1697598248
454,tura,25.5198,90.2201,25.37,69,0,0.22,IN,1697598249
455,australind,-33.2667,115.7167,17.13,70,53,3.35,AU,1697598015
456,lerwick,60.1545,-1.1494,9.0,88,100,5.28,GB,1697598203
457,inhambane,-23.865,35.3833,19.05,95,14,3.44,MZ,1697598250
458,jeddah,21.5169,39.2192,26.92,69,0,2.06,SA,1697598250
459,burry port,51.6843,-4.2469,14.42,78,100,5.14,GB,1697598250
460,elliot lake,46.3834,-82.6331,4.74,94,0,1.48,CA,1697598250
461,cockburn town,21.4612,-71.1419,29.03,73,52,5.2,TC,1697598251
462,canutama,-6.5339,-64.3831,26.64,62,33,0.65,BR,1697598251
463,alofi,-19.0595,-169.9187,24.94,57,75,10.8,NU,1697598095
464,timaru,-44.4,171.25,15.6,69,91,2.24,NZ,1697598251
465,codrington,-38.2667,141.9667,22.47,39,20,2.25,AU,1697598252
466,villa huidobro,-34.8383,-64.5869,11.31,22,2,4.74,AR,1697598252
467,kayangel,8.0823,134.7173,28.11,74,32,0.5,PW,1697598252
468,dazkiri,37.9186,29.8606,8.9,73,89,1.12,TR,1697598252
469,bakanas,44.8081,76.2772,12.43,39,1,1.25,KZ,1697598253
470,wynyard,-41.0,145.7167,14.9,59,3,4.12,AU,1697598078
471,daru,-9.0763,143.2092,27.31,78,94,4.03,PG,1697598253
472,shanhaiguan,39.9988,119.7564,17.89,66,100,2.73,CN,1697598253
473,gerash,27.6652,54.1371,17.08,44,3,0.45,IR,1697598254
474,mitu,1.1983,-70.1733,23.2,93,96,0.87,CO,1697598254
475,florence,43.7667,11.25,17.35,73,75,2.06,IT,1697598097
476,zaragoza,41.6561,-0.8773,20.25,74,40,4.12,ES,1697598057
477,watertown,42.3709,-71.1828,11.84,87,20,2.06,US,1697598172
478,port blair,11.6667,92.75,28.02,83,40,1.03,IN,1697598091
479,mogadishu,2.0371,45.3438,26.18,86,38,3.62,SO,1697598255
480,bridgnorth,52.5366,-2.4203,10.58,94,100,7.07,GB,1697598219
481,ivins,37.1686,-113.6794,24.26,27,3,1.34,US,1697598255
482,nampula,-15.1165,39.2666,23.97,78,75,0.0,MZ,1697598256
483,kourou,5.1552,-52.6478,23.03,86,73,2.84,GF,1697598256
484,itaituba,-4.2761,-55.9836,25.0,72,18,0.07,BR,1697598231
485,aljezur,37.3191,-8.8033,19.56,90,40,3.95,PT,1697598257
486,kavaratti,10.5669,72.642,28.12,72,81,1.18,IN,1697598257
487,sao felix do xingu,-6.6447,-51.995,27.59,41,86,0.96,BR,1697598257
488,hohhot,40.8106,111.6522,10.16,37,0,2.0,CN,1697598056
489,anori,-3.7728,-61.6442,25.34,74,16,0.76,BR,1697598258
490,puerto cabezas,14.0351,-83.3888,25.07,91,99,4.29,NI,1697598258
491,ciudad del este,-25.5167,-54.6167,22.41,83,0,6.17,PY,1697598258
492,turkmenbasy,40.0222,52.9552,11.43,93,40,4.12,TM,1697598258
493,yatou,37.15,122.3833,20.75,76,100,7.6,CN,1697598259
494,barakani,-12.1356,44.4317,25.17,84,97,5.45,KM,1697598259
495,conceicao da barra,-18.5933,-39.7322,23.59,81,45,4.06,BR,1697598259
496,mahanoro,-19.9,48.8,22.91,91,100,3.65,MG,1697598259
497,humaita,-7.5061,-63.0208,27.38,56,96,0.1,BR,1697598260
498,bikenibeu village,1.3673,173.1241,30.98,70,75,4.63,KI,1697598260
499,lompoc,34.6391,-120.4579,17.23,82,4,6.26,US,1697598197
500,abepura,-2.6333,140.5833,33.45,49,20,2.57,ID,1697598261
501,amal,59.051,12.7049,7.45,64,2,6.95,SE,1697598261
502,beyneu,45.3167,55.2,8.2,67,70,3.43,KZ,1697598261
503,cabo san lucas,22.8909,-109.9124,29.23,65,0,2.06,MX,1697598261
504,port said,31.2565,32.2841,22.99,73,20,2.06,EG,1697598262
505,severnoye,56.3491,78.3619,8.32,91,17,2.68,RU,1697598262
506,xichang,27.8964,102.2634,19.29,70,6,1.29,CN,1697598262
507,sinjai,-5.1241,120.253,30.84,55,98,5.56,ID,1697598263
508,xinyuan,37.3,99.0,-0.79,22,56,11.21,CN,1697598263
509,praia,14.9215,-23.5087,25.3,88,20,2.57,CV,1697598193
510,tindouf,27.6711,-8.1474,23.25,27,0,3.09,DZ,1697598263
511,fisterra,42.9049,-9.2629,17.79,87,100,9.28,ES,1697598263
512,lipno,52.8444,19.1785,1.71,95,5,3.53,PL,1697598264
513,chegdomyn,51.1167,133.0167,6.29,60,100,1.34,RU,1697598264
514,linxia chengguanzhen,35.6003,103.2064,3.82,96,100,1.72,CN,1697598264
515,beau vallon,-20.4189,57.6953,24.56,94,75,1.03,MU,1697598264
516,joao pinheiro,-17.7425,-46.1725,25.24,35,74,1.9,BR,1697598244
517,puerto colombia,10.9878,-74.9547,29.05,76,85,4.98,CO,1697598265
518,bac lieu,9.285,105.7244,29.78,71,67,4.77,VN,1697598265
519,rampur,28.8167,79.0333,19.28,59,0,3.81,IN,1697598266
520,wotho,10.1657,166.0102,28.51,74,58,5.24,MH,1697598266
521,nuriootpa,-34.4833,139.0,26.88,17,0,4.17,AU,1697598264
522,al mijlad,11.0333,27.7333,27.32,47,74,4.06,SD,1697598266
523,klyuchi,52.2667,79.1667,9.37,43,11,3.26,RU,1697598267
524,shingu,33.7333,135.9833,22.27,59,1,2.51,JP,1697598267
525,kailua-kona,19.6406,-155.9956,28.61,78,4,1.34,US,1697598221
526,volksrust,-27.3654,29.8818,8.92,88,100,1.43,ZA,1697598267
527,sirre,8.3167,39.4833,15.52,58,70,2.31,ET,1697598268
528,necochea,-38.5473,-58.7368,6.23,65,0,4.49,AR,1697598268
529,hit,33.6416,42.8251,20.76,46,0,1.27,IQ,1697598268
530,undurkhaan,47.3194,110.6556,6.9,31,87,6.24,MN,1697598269
531,pisz,53.6274,21.8125,4.54,78,100,5.34,PL,1697598269
532,el obeid,13.1842,30.2167,24.57,19,68,3.55,SD,1697598269
533,tashtagol,52.7657,87.8894,7.08,84,4,1.17,RU,1697598269
534,puebla de la calzada,38.8793,-6.627,17.86,81,96,6.22,ES,1697598270
535,san patricio,28.017,-97.5169,20.91,47,0,3.27,US,1697598270
536,monte santo de minas,-21.1897,-46.9803,23.09,65,100,1.66,BR,1697598270
537,presidente olegario,-18.4178,-46.4181,23.79,40,100,1.0,BR,1697598136
538,port macquarie,-31.4333,152.9167,21.05,52,65,5.07,AU,1697598271
539,gurupi,-11.7292,-49.0686,27.28,28,0,1.29,BR,1697598006
540,strezhevoy,60.7333,77.5889,7.2,96,43,3.13,RU,1697598271
541,mendefera,14.8872,38.8153,16.21,68,64,2.11,ER,1697598080
542,trairi,-3.2778,-39.2689,25.79,78,87,5.74,BR,1697598183
543,watampone,-4.5386,120.3279,31.24,52,32,5.76,ID,1697598272
544,tra mhor,52.1624,-7.1524,12.57,72,100,4.47,IE,1697598272
545,bushehr,28.9684,50.8385,29.05,34,0,6.17,IR,1697598272
546,minab,27.1467,57.0801,27.49,73,7,0.47,IR,1697598272
547,pedernales,18.0384,-71.744,27.54,78,1,1.82,DO,1697598273
548,jerada,34.31,-2.16,17.64,59,56,2.09,MA,1697598273
549,alliance,40.9153,-81.1059,8.83,94,36,1.94,US,1697598165
550,alice springs,-23.7,133.8833,27.75,11,0,4.12,AU,1697598274
551,myski,53.709,87.8014,6.14,77,11,1.1,RU,1697598274
552,ciudad melchor muzquiz,27.8833,-101.5167,18.77,44,0,3.11,MX,1697598274
553,aligudarz,33.4006,49.6949,6.91,44,0,1.77,IR,1697598275
554,lodja,-3.4833,23.4333,20.45,99,98,0.46,CD,1697598275
555,aykhal,66.0,111.5,-11.07,93,99,4.92,RU,1697598275
556,lepsy,46.235,78.9456,10.19,50,0,1.64,KZ,1697598275
557,tyazhinskiy,56.116,88.524,6.74,76,97,2.77,RU,1697598276
558,isangel,-19.55,169.2667,26.91,68,80,4.21,VU,1697598276
559,nyaunglebin,17.95,96.7333,28.14,80,24,0.54,MM,1697598276
560,hilo,19.7297,-155.09,26.85,82,100,3.6,US,1697598277
561,fort william,56.8165,-5.1121,7.87,95,100,2.44,GB,1697598277
562,bloemfontein,-29.1211,26.214,8.71,87,0,0.51,ZA,1697598277
563,novokayakent,42.3937,47.9861,11.39,61,39,1.65,RU,1697598277
564,cidreira,-30.1811,-50.2056,15.07,76,90,4.6,BR,1697598278
565,bubaque,11.2833,-15.8333,27.75,76,58,4.22,GW,1697598278
566,val-d'or,48.1002,-77.7828,2.05,93,0,0.0,CA,1697598140
567,yerofey pavlovich,53.9667,121.9667,3.35,58,100,3.71,RU,1697598278
568,bengkulu,-3.8004,102.2655,27.75,71,85,2.75,ID,1697598278
569,panshi,42.9422,126.0561,9.8,93,100,3.37,CN,1697598279
570,sebin karahisar,40.2883,38.4236,8.16,75,92,0.96,TR,1697598279
571,laghouat,33.8,2.8651,18.85,36,2,1.04,DZ,1697598279
572,cafayate,-26.073,-65.9761,16.25,80,98,2.49,AR,1697598279
573,brejo da madre de deus,-8.1458,-36.3711,18.58,89,99,3.97,BR,1697598233
574,chiredzi,-21.05,31.6667,17.61,75,92,2.72,ZW,1697598280
575,neyshabur,36.2133,58.7958,13.61,66,2,1.65,IR,1697598280
576,yarmouth,41.7057,-70.2286,13.03,93,100,1.34,US,1697598280
577,tadine,-21.55,167.8833,22.43,95,100,2.12,NC,1697598281
578,grass valley,39.2191,-121.0611,20.33,60,0,1.79,US,1697598004
579,ipameri,-17.7219,-48.1597,25.43,41,98,1.73,BR,1697598274
